,Complaint ID,Date received,Consumer complaint narrative,Year,Month
0,5062971,2022-01-03,"Dear Equifax, XXXX and XXXX I am writing to dispute the following information in my credit report file. 

The information on the XXXX XXXX XXXX XXXX for {$17000.00} was charged off as bad debt and is inaccurately reporting because it was included in my bankruptcy. 

I am requesting that the item be removed immediately as Section 809 of the Fair Debt Collection Practices Act speaks about statute of limitations for tradelines to appear on credit reports. 

Please reinvestigate this matter and delete the disputed item as soon as possible.",2022,1
1,5080284,2022-01-06,"Comenity Bank ( Victoria 's Secret credit card ) sent me a refund check in XX/XX/2021 for {$93.00} which was made out to XXXX XXXX. I didnt notice that my maiden name was on the check, and I tried to deposit it on my mobile device ( mobile deposit ) into my XXXX XXXX account. The check was returned and couldnt be deposited because of the name, and I was charged a {$5.00} fee by my bank for the return of the check. 
After that happened, I contacted Comenity to change my name on my account to XXXX XXXX, my married name. Comenity issued me another check for {$93.00}, and I successfully deposited it. I then noticed that Comenity put that {$93.00} amount back on my account that I owed back to them, saying I deposited two checks. The only way I could correspond about the matter was to mail them documentation, which I did, twice, trying to explain to them that I only successfully deposited one check. They kept sending me back letters saying they needed more proof. One night I got my bank XXXX on the phone and called Comenity customer service to settle the issue. We got a manager from Comenity on the phone, and after over an hour we confirmed that I needed to send them proof that the first deposit didn't go through on XXXX letterhead of some sort. Comenity said I could send this information to them electronically on their messaging system online. I've tried twice to do this but it always fails and says the message can't be sent. So the only way to correspond was to send a letter to a po box they provided on the bottom of their letters which first stated XXXX XXXX XXXX XXXX, Ohio XXXX. The last two letters I've received from them have a different XXXX XXXX XXXX, now XXXX XXXX XXXX. The last letter they sent me says they never received my documentation! 
When I call customer service their hours are inconvenient for me as they're on Eastern time and I'm on Pacific, and by the time I get home from work at XXXX, they are closed. Each interaction with them over the phone takes an hour because they have issued me no case number, so every time I call about the issue I have to explain it to somebody new. It's beyond frustrating and I just want the {$93.00} back that they owe me, plus a late fee of {$29.00} that I was charged for not paying my bill in full when I was in the "" investigation process '' ( which I was told I would not be charged by a customer service rep ), and also I was charged a transaction fee of {$3.00} because of that bill. 
All I want to do is get my money back and then close my account because issues like this shouldn't take 7 months to be handled. Thank you, XXXX XXXX XXXX : I had to remove my savings account information for confidentiality but I've forwarded them all these documents.",2022,1
2,5100975,2022-01-11,ACCOUNT WAS NEVER INCLUDED IN ANY XXXX  XXXX XXXX XXXX The following account is not mine XXXX Account says charge off and that is not correct please investigate or delete file TN XXXX XXXX  THIS ACCOUNT WAS PAID OFF AND SUPPOSED TO BE DELETED XXXX XXXX  LETTER ENCLOSED FOR DETAILS,2022,1
3,5093633,2022-01-11,"This is a complaint regarding Lowes / Synchrony Bank store card. I have been trying to pay off my debts and resolve inaccuracies on my credit report in order to be able to gain meaningful employment and to further my studies in the era of pandemic. I am unable to qualify for low interest student loan until this derogatory is removed. 1. Lowes/Synchrony Bank sold my account to XXXX debt collector. 2. I paid the settlement amount 3. My understanding is that Lowes / Synchrony Bank would remove the derogatory record to reflect that I paid less than the full amount. 4. I have disputed the inaccuracy to Lowes / Synchrony Bank via XXXX- twice. 5. Lowes / Synchrony Bank still has not updated my file. In fact, today, my score went down XXXX point.",2022,1
4,5079319,2022-01-07,"I reviewed my Chex Systems Consumer Report # XXXX and theres fraudulent and unauthorized credit inquiries listed on my consumer report. The following inquiries viewed by others are fraudulent and unauthorized : XXXX XXXXXXXX XXXX XXXXXX/XX/XXXX, XXXX XXXX XXXX XXXX XXXX XXXX XXXX XXXX XXXX XXXXXXXX XXXX XXXX XXXX XXXX XXXX XXXX XXXX XXXX XXXX XXXX XXXX XXXX XXXX XXXX XXXX XXXX XXXX XXXX XXXX XXXX XXXX XXXX XXXX XXXX XXXX XXXX XXXX XXXX XXXX XXXX XXXX XXXX XXXX XXXX XXXX XXXX XXXX XXXX XXXX XXXX XXXX XXXX XXXX XX/XX/XXXX XXXX XXXX XXXX, XXXX XXXX XXXX XXXX XXXX XXXX XXXX XXXX XXXX XXXX XXXX XXXX XXXX XXXX XXXX XXXX XXXX XXXX XXXX XXXX XXXX XXXX XXXX XXXX XXXX XXXX XXXX XXXX XXXX XXXX XXXX XXXX XXXX XXXX XXXX XXXXXX/XX/XXXX, CXXXX XXXX XXXX XXXX XXXX XXXX account that was closed on XX/XX/XXXX and charged off for {$5200.00} is not my account and its a fraudulent account. I never had a checking account closed with no bank, so I should not have a DDA Closure Payment History on my Chex Systems Consumer Report. I am a victim of identity theft and has a current police report on file with Chex Systems. I been a victim of identity theft for over 25 years. All the credit inquiries and bank account listed is fraudulent and is the result of identity theft.",2022,1
5,5150045,2022-01-26,"On XX/XX/2021 I sent a letter regarding inaccurate and unknown things on my credit report. To this day over 45 days later I have not received a response back. I feel like I'm being taken advantage of and that I'm not being taken seriously. After doing research, Section 611 ( a ) states that failure to investigate these items within 30 days gives a reason to immediately remove those items from my credit report and it has been over 45 days so they should be removed now. The inaccurate information is preventing me from getting approved for the things I need to have and causing me to pay higher than necessary interest rates. My information was also impacted by the XXXX data breach and may have got in the hands of the wrong person. I will file for litigation if I have to. Please resolve the issues with my credit report.",2022,1
6,5149520,2022-01-25,my card was used at a list of places without my authorization i contacted upgrade and they denied my fraud claim after i submitted a police report.,2022,1
7,5137347,2022-01-22,"On XXXX XXXX I called and tried to dispute hard inquiries that were unauthorized on my credit file. I was told by the representative I spoke to that he would be able to remove them. We went through the hard inquiries together and he said they would be removed in 24 hours. The hard inquiries were not removed. 

I called again XX/XX/XXXX I told the rep. what had happened when I called the last time and she said she would be able to help me remove the unauthorized hard inquiries and we went through the process, she said they would be removed in 24 hours and they are still on the credit file. 

Here are the fraudulent hard inquiries : XXXX XXXX Inquired on XX/XX/XXXX XXXX XXXX XXXX  Inquired on XX/XX/XXXX XXXX XXXX XXXX Inquired on XX/XX/XXXX XXXX XXXX Inquired on XX/XX/XXXX XXXX XXXX XXXX XXXX  Inquired on XX/XX/XXXX XXXX Inquired on XX/XX/XXXX XXXX XXXX XXXX Inquired on XX/XX/XXXX XXXX XXXX Inquired on XX/XX/XXXX XXXX XXXX, XXXX XXXX Inquired on XX/XX/XXXX XXXX XXXX XXXX XXXX XXXX Inquired on XX/XX/XXXX XXXX XXXX Inquired on XX/XX/XXXX I have not filed for any credit cards, or car loans in the last 4 years. I believe i am a victim of identity theft as there are several accounts on my credit file that I have disputed already - the disputes are in the dispute process. I filed a police report with the city that I live in and I have attached proof as well as the incident number",2022,1
8,5076252,2022-01-05,"I recently pulled my credit report and noticed an inquiry on my report without my permissible use. According to the FCRA and the FDCPA, it should be removed. However, I have sent in continuous dispute letters obtaining all information needed to remove this inquiry. This inquiry is affecting my chances of establishing a great history with the current company. The name of the inquiry is XXXX XXXX. The inquiry date is XXXX XXXX, 2018. The bureaus reporting is Experian, XXXX, and XXXX. Thank you!",2022,1
9,5153238,2022-01-26,Hello I am having an issue with Equifax XXXX and XXXX. Please note that I have three accounts reporting as negative on my credit report one XXXX XXXXXXXX is reporting as an installment and it is not an installment account please remove this from my credit report immediately. The next two which is XXXX and XXXX XXXX is in clear violation of 15usc 1681e-d. Time and time again I have sent numerous letters and these accounts will blatantly ignore me. The first time they did not notate the account I have been sending letters since XXXX of 2021 they just notated the account about a month ago which is a clear violation of the Fair Credit reporting Act. I ask that these two accounts be removed from my credit report immediately. I will also be filing a complaint with the FTC because this is being ignored with numerous attempts to resolve. The companies have also failed to provide the authorized agreements creating the debt which is required to collect on a debt 15usc 1692f. Therefore if there was no agreement in place between myself and XXXX or XXXX XXXX. That means I have no contractual agreement to pay then an alleged debt.,2022,1
10,5234114,2022-02-17,"Booked a flight XXXX reservation code. Under terms and conditions, it says this ticket is refundable. However, when trying to get a refund/cancel the ticket because of a change in travel plans, chase said that I can only receive a voucher. 

I believe this is deceptive on the part of Chase because a refundable ticket and a travel voucher are not the same, and I wouldn't have booked the ticket if I had known the refund was in the form of a travel voucher. The statement "" this ticket is fully refundable '' reasonably implies that the buyer will get a refund in the original payment method My request is that chase refunds to points used to book this trip back into my account.",2022,2
11,5216191,2022-02-12,ON XX/XX/2022 EXPERIAN DELETED AND INACCURATE FRAUDULENT ACCOUNT. THIS INACCURATE ACCOUNT HAS REAPPEARED ON MY CONSUMER REPORT WITHOUT ME BEING NOTIFIED WITHIN A 5 DAY TIME PERIOD PURSUANT TO 15 USC 1681i ( 5 ) ( B ) ( i ) ( ii ) THIS IS AGAINST THE LAW! I ALSO KNOW ANY TRANSACTION THAT IS HELD BETWEEN MYSELF AND THE PERSON SHALL BE EXCLUDED FROM MY REPORT PURSUANT TO 15 USC 1681a ( 2 ) ( i ) I NEVER GAVE EXPERIAN PERMISSIBLE PURPOSE TO REPORT THIS INFORMATION. IM UPSET BECAUSE THIS IS BRINGING DISHARMONY IN MY HOME AND CAUSING ME TO LOSE OUT ON EMPLOYMENT OPPORTUNITIES WITH MY LOCAL CAR DEALERSHIPS.,2022,2
12,5194080,2022-02-07,"To Whom It May Concern : I recently received a copy of my consumer report and noticed the following accounts reporting balances and utilization inaccurately. 


XXXX XXXX XXXX XXXX XXXX XXXX XXXX XXXX XXXX XXXX  XXXX XXXX Your company is in clear violation of the law. Under 15 USC 1681b - permissible purpose of consumer reports, THE LAW CLEARLY STATES : ( a ) IN GENERAL Subject to subsection ( c ) any consumer reporting agency may furnish a consumer report under the following circumstances and no other : ( 2 ) In accordance with the written instructions of the consumer to whom it relates.

Did I give you written instructions to furnish utilization on my consumer report?

Did I give you written instructions to furnish a balance on my consumer report?

you have 10 calendar days to Update all balances to Zero on all below accounts. 


XXXX XXXX XXXX XXXX XXXX XXXX XXXX XXXX XXXX XXXX XXXX XXXX Failure to respond satisfactorily will result in legal actions being taken against your company, for which I will also be seeking {$1000.00} per violation for : 1. Defamation of Character ( per se ) 2. Negligent Enablement of Identity Fraud 3. Fair Credit Reporting Act 15USC 1681 violations for willful noncompliance - 616. Civil liability for willful noncompliance [ 15 U.S.C. 1681n ]",2022,2
13,5271002,2022-02-28,"For years I have been a victim of Identity theft. Ive had over 30 fake collections apply to my credit along with insurance with logging into my online bank to pay bills because of hacking and inaccurately displayed information.

Please contact in regards to the matter.",2022,2
14,5220267,2022-02-14,"1. XXXX is reporting Personal information name and address reported wrong. 
2. XXXX has another name that's not my name XXXX XXXX not me",2022,2
15,5238894,2022-02-18,"This complaint to Experian was the result of their non-compliance to my request and for their refusal of getting the items, listed below, to be removed from my credit reports. They neither removed nor responded to my request which I believed to be against the Federal Credit Reporting Act 's rules. Thus, I am sending this complaint to seek help and assistance to help me block the concerned items for they were found erroneous and unauthorized. I sent my request way past 30 Days before but I still didn't receive anything from Experian. Per FCRA, without any response for 30 Days after disputing my accounts should be considered as deleted or removed. 

XXXX XXXX XXXX Balance : {$0.00} XXXX XXXX XXXXXXXX Balance : {$4800.00} XXXX, XXXX ( Original Creditor : XXXX XXXX XXXX ) XXXX Balance : {$930.00}",2022,2
16,5225937,2022-02-15,"For stamps on approval, I've always sent back the stamps within 1-5 days. One shipment, which they claimed they did not receive, I spent over 2 hours back and forth with support, and they responded they found my return and had updated my account as returned. 
This was on XX/XX/2021.",2022,2
17,5256129,2022-02-23,"On XXXX of XXXX, I received a bill from Comenity bank XXXX XXXX for {$80.00}. Because I paid this bill late by mistake, I was assessed a late fee of XXXX I called them some time in XXXX to ask them if as a one time courtesy, they could remove the late fee. The customer representative then told me that she would cut the late fee in half, which would leave me a balance of XXXX}. I paid the {XXXX} through my bank immediately and never received any other statement from them. 

On XX/XX/XXXX, almost a year later, I received a letter from Comenity asking for {$120.00} without any explanation for that balance. They closed my account and turned it over to XXXX XXXX XXXX. They waited almost a year before contacting me, turned my account over to XXXX agency. I havent received any other statement since XXXX of last year. 

If I understand well they never gave me that half credit for the {$29.00} late fee added in XXXX of XXXX. Instead they have been adding late fees after late fees on the about {$14.00} balance for XX/XX/XXXX. I have not received any bill from them since XXXX of XXXX. This is ridiculous and pure theft. This bank has a D rating with the better business bureau. They are downgrading my credit score which was over 800.",2022,2
18,5194635,2022-02-07,"I paid off my mortgage with the money source ( # XXXX ) on XX/XX/XXXX and they transferred my loan to a new servicer ( XXXX XXXX  XXXX, XXXX, # XXXX ) on XX/XX/XXXX. For this transferred mortgage after the pay off, the new servicer keep sending me that I owe money. Since it is already a month passed, I only have 3~4 weeks left to solve the issue w/o hurting my credit since I'm not paying the monthly payment to the new servicer that they claim I owe. 
I have been asking The money source multiple time since the first week of XXXX to fix this wrongful service transfer, proactively work with the new servicer to fix it but The money source keep saying there is nothing they can do other than just give me papers like a transaction history, pay off letter things. Those documents, I already passed it over to the new servicer to prove it was closed but they said that is not sufficient proof. At this point, I don't have better way to get this problem fixed beside from filing a claim since the old and new servicer is not really working to fix the issue.",2022,2
19,5219926,2022-02-14,Capital one needs to provide me under 15 USC 1602g who authorized the use and permissible purposes as the original creditor to use my information to report this negative account under my name? Otherwise the account reporting needs to be block and deleted from all credit reporting agencies immediately.,2022,2
20,5326146,2022-03-15,"I opened a secured Mastercard credit card with Capital One. My credit limit is {$650.00}. 
The purpose of getting a secured card was to help rebuild my credit and have more control over spending. 
On XX/XX/2022 my secured card balance available was {$360.00}. I rented a vehicle the same day and was charged {$350.00}. 

On XX/XX/2022 XXXXXXXX XXXX XXXX attempted to charge my credit card {$150.00} however there was no available credit so it was declined. 

On XX/XX/2022 my available credit was {$17.00} - XXXXXXXX XXXX XXXX  was declined again. 

On XX/XX/2022 - Capital one allowed a charge of {$540.00} from XXXX XXXXXXXX XXXX  even though there was no available credit on the card. 
Now I have a balance of {$1000.00} which Capital One deliberately allowed to go over the credit limit. 

The card user agreement specifically states transactions over your secured credit limit will be declined. 

Capital One is now refusing to remove the {$540.00} charge from the credit card account. 

I need help fighting this. Capital One is totally wrong!",2022,3
21,5348775,2022-03-21,"On XX/XX/XXXX I received a phone call from a collection agency stating they now own a debt that was once owned by XXXX XXXX XXXX XXXX XXXX XXXX XXXX on an account opened XX/XX/XXXX. The company that contacted me was Supulative RM. During this phone call, I told the representative I was unaware of this debt being sold and asked them to send me a verification of debt. A verification of debt letter was written and sent to them later that afternoon asking for specific information. Superlative responded with a copy of statments from XXXX XXXX. Though this is part of the information requested, it wasn't all of the information requested to prove the debt. In my letter I requested information in occordinance to information provided to me from the Consumer Financial Proctetion Bureau including topics : Why they think I owe the debt, The amount and age of the debt and their athority to collect this debt. I reside in Arkansas and under the laws in Arkansas any debt collector who is attempting to collect a dept must hold a license in Arkansas, neither of the listed companies above hold that or have not provided any proof that they hold athority to infact collect on this debt. XXXX XX/XX/XXXX will be 30 days since I have requested this information and have not had any contact from them regarding this issue. Also, The XXXX XXXX XXXX still reports to my credit as owning the debt, when they infact sold it to a new company.",2022,3
22,5372027,2022-03-26,CITIBANK BLOCK MY ACCOUNT FOR 2 YEARS SINCE XX/XX/XXXX NOW ON XX/XX/XXXX THEY REMOVED THE BLOCK AND PUT MY ACCOUNTAS IN DORMANT STATUS,2022,3
23,5384187,2022-03-30,Pioneer credit recovery Is a company I have never contracted with. now they are stating I owe them money which is a lie I have never contracted with them so there is no money owed to them,2022,3
24,5386857,2022-03-30,"In accordance with the Fair Credit Reporting act XXXX XXXX XXXX XXXX XXXX # XXXX, has violated my rights. I have 5 late payments, dates are exactly go by order XX/XX/XXXX, XX/XX/XXXX, XXXX, XX/XX/XXXX, XX/XX/XXXX I want these late payments deleted they are inaccurate. 15 U.S.C 1681 section 602 A. States I have the right to privacy. 15 U.S. C 1681 Section 604 A Section 2 : It also states a consumer reporting agency can not furnish a account without my written instructions. 15 U.S.C 1666B : A creditor may not treat a payment on a credit card account under an open end consumer credit plan as late for any purpose. If you wont delete the 5 late payments I want the trade line to be deleted",2022,3
25,5387665,2022-03-30,I am reporting to have the following accounts attached in this complaint to be removed from my account. They were added there without proper verification and with discrepancies. This goes to show that not much investigation was done and therefor a violation of my FCRA. I already informed bureaus but to no avail.,2022,3
26,5296907,2022-03-08,"I was checking my credit report, there are so many negative information. I told you, these information do not belong to me. Im sure that someone have my personal information.",2022,3
27,5271797,2022-03-01,"On XX/XX/2021, I was erroneously told that if I dispute accounts in my credit report I might be able to get rid of some of them especially the ones in collection. So I disputed most of them. 

2 months later, I apply for a mortgage with m y husband and was told by the mortgage company that I need to remove the disputes off my credit report to get an approval. 

for the the past 3 weeks I have made over 100 phone calls to all credit bureaus, their dispute departments and their executive customer service teams. I also contacted merchants, collection agencies and everyone you can think of. I was able to remove one of the remarks. every time I called, I was promised better help yet to find that almost all dispute marks are still on the report.

I heard so many excuses that the creditor asks for it to report again, to I don't know what happened, or the dispute remarks could not be removed.

I respectfully request all 3 credit bureau to remove all dispute remarks from my credit report as I no longer dispute the accounts. I need this asap so that the mortgage company can look into my mortgage application. 

My SS # XXXX XXXX XXXX XXXX XXXX  XXXX XXXX XXXX XXXX XXXX XXXX OH XXXX XXXX",2022,3
28,5299933,2022-03-09,"On XXXX sent a letter regarding inaccurate and unknown things on my credit report, To this day over 60 days later I have not received a response yet. I feel like I'm being taken advantage of and being ignored of my disputes. Section 611 ( a ), it is plainly stated that a failure to investigate these items within 30days gives a reason to immediately remove those items from my credit report it has been over 60 days so they should be deleted promptly. I demand these accounts be deleted immediately or I will file for litigation due to the stress you caused me. My information was also impacted by the Equifax, XXXX and XXXX data breach and may have got into the hands of the wrong person.",2022,3
29,5382457,2022-03-29,"In XX/XX/2021 I missed half of a payment to XXXX XXXX on a credit card. Myself, wife and our XXXX children, including my XXXX XXXX XXXX son, became stricken with XXXX over XXXX and XXXX and were unable to make the payment and it was reported late. I entered a payment plan with the company and brought the debt current in XXXX and XXXX. I wrote goodwill letters explaining the situation and CARES Act to the company and filed disuputes with all three credit bureaus also explaining the situation and the CARES Act. They all said the report was accurate and no information on CARES Act. I am requesting that the 30 day late payment be removed from my reports with all three bureaus in repose to the CARES act.",2022,3
30,5435587,2022-04-12,"In accordance with the Fair Credit Reporting act the following inquiries XXXX XXXX XXXX XX/XX/XXXX, XXXX XXXX XXXX XX/XX/XXXX, XXXX XXXX XXXX XX/XX/XXXX XXXX XXXX XX/XX/XXXX, XXXX XX/XX/XXXX, XXXX XXXX XXXX XX/XX/XXXX, XXXXXXXX XXXXk XX/XX/XXXX XXXX XXXX XXXX XX/XX/XXXX XXXX XXXX XX/XX/XXXX has violated my rights.

15 U.S.C. 1681 account section 602 A. States I have the right to privacy.

15 U.S.C. 1681 Section A Section 2 : It also states a consumer reporting agency can not furnish a account without my written instructions",2022,4
31,5457738,2022-04-17,I HAVE TRIED TO HAVE THE CREDIT BUREAUS REMOVE THE NEGATIVE ITEMS BUT THEY WILL NOT EVEN WITH THE POLICE REPORT,2022,4
32,5491010,2022-04-24,"In accordance with the Fair Credit Reporting act. Experian, XXXX, XXXX has violated my federally protected consumer rights to privacy and confidentiality under 15 U.S.C 1681 15 U.S.C 1681 section 602 A. States I have the right to privacy. 

These addresses do not belong on my credit report. 

XXXX XXXXXXXX XXXX XXXX XXXX XXXX XXXX XXXX XXXX XXXX XXXX XXXX XXXX XXXX XXXX XXXX XXXX XXXX XXXX XXXX XXXX XXXX XXXX XXXX XXXX XXXX XXXX XXXX XXXX XXXX XXXX XXXX XXXX XXXX XXXX XXXX XXXX XXXX XXXX XXXX XXXX XXXX XXXX XXXX XXXX XXXX XXXX XXXX XXXX XXXX XXXX XXXX XXXX XXXX XXXX XXXX XXXX These Phone numbers do not belong on my credit report XXXX XXXX XXXX This Name do not belong on my credit report XXXX XXXX",2022,4
33,5486816,2022-04-23,"Upon reviewing my credit file, incorrect information were found in my reports. The XXXX/Experian/XXXX  Credit Bureau has not complied with the Fair Credit Reporting Act, 15 USC Sections 1681i, and continued reporting as unverified information without any proof provided, within the time allowed by law, is not authorized. Below are the accounts that are reporting on my Credit Reports : Experian : XXXX XXXX Balance {$0.00} XXXX XXXXXXXX Balance {$1900.00} XXXX XXXX XXXX CARD XXXX XXXX {$0.00} XXXX XXXXXXXX Balance {$2800.00} XXXX : XXXX XXXX Balance {$0.00} XXXX XXXX Balance {$2800.00}",2022,4
34,5472571,2022-04-20,"In accordance with the Fair Credit Reporting Act, the list of accounts below has violated my federally protected consumer rights to privacy and confidentiality under 15 USC 1681. 
XXXX Accounts has violated my rights. 

( XXXX. ) XXXX XXXX XXXX XXXX XXXX XXXX BANK XXXX A -Original Creditor- ( XXXX. ) XXXX XXXX BANK XXXX XXXX XXXX XXXX XXXX, TX XXXX XXXX ( XXXX. ) XXXX XXXX XXXX XXXX XXXX XXXX XXXX XXXX XXXX XXXX, CA XXXX XXXX ( XXXX. ) XXXX XXXX XXXX XXXX XXXX XXXX XXXX XXXX, CA XXXX XXXX 15 U.S.C 1681 Section 602 A. States I have the rights to privacy.

15 U.S.C 1681 Section 604 A Section 2 : it also states a consumer reporting agency furnish an account without my written instructions.",2022,4
35,5421992,2022-04-07,There are third party medical collections on my credit report that do not belong to me and I did not authorize. This is a violation of the HIPPA act : XXXX XXXX XXXX XXXX XXXX XXXX XXXX XXXX XXXX XXXX XXXX XXXX XXXX XXXX XXXX XXXX XXXX XXXX XXXX XXXX XXXX XXXX XXXX XXXX XXXX XXXX XXXX XXXX XXXX XXXX XXXX XXXX XXXX XXXX XXXX XXXX,2022,4
36,5396889,2022-04-01,"I have had major Identity theft issue, I had my mail box key stolen from car, and wallet with Drivers license also stolen. 3 fraudulent accounts were opened tour took in care of fairly fast but this third one city group continues to be an issue for me. I have included in this email please report over included two other documents stating fraudulent activity and a letter stating security breach, where they had access to vital information. 
I also have documented/diagnosed XXXX  XXXX which Makes things even harder for me. The other two credit companies immediately closed accounts and took it off my report, City card has done nothing to help ijust giving me numerous threatening calls and threatening letters. I have have perfect credit my whole life no late payments know anything I give you permission to look up this information to prove this. I have a diagnosed/documented XXXX XXXXXXXX and I believe they may be discriminating against me because I dont understand a lot of stuff theyve been sending me Citi Card ending XXXX XXXX",2022,4
37,5430374,2022-04-10,"I am XXXX submitting this complaint against Experian and there is no third party involved. 

I demand Experian to provide me a copy of my written consent and written instructions to furnish these fraudulent and inaccurate said accounts. 

Collection Acct -XXXX  XXXX XXXX XXXX XXXX XX/XX/XXXX - {$3500.00} Inquiry - XXXX XXXX XXXXXXXX XX/XX/XXXX Inquiry - XXXX XXXX XX/XX/XXXX Also provide me with Experian 's Verification method to "" verify '' said accounts. 

In accordance with the FCRA Experian has violated my rights. 15 USC 1681 section 602 states I have a RIGHT TO PRIVACY. Also 15 USC 1681 section 604 A section 2 states a consumer reporting agency can not furnish an account without my WRITTEN instructions. 

Delete these accounts immediately.",2022,4
38,5393665,2022-04-01,"On XXXX XXXX, 2021 I was scammed into taking {$13000.00} in cash out of my XXXX  checking account ( money which I didn't realize was actually mine because a fraudster had added it to my computer screen, on top of the money that was already in the account ) and, at the direction of the scammer, advised to take it to a Wells Fargo branch and deposit it in the following account, which the scammer intimated was an XXXX account : XXXX XXXX XXXX Acct. # : XXXX Transaction # : XXXX I took it to the Wells Fargo branch in XXXX, NJ, and deposited the cash in the account, which the teller recognized and acknowledged as a business checking account. 
Clearly, the account was fraudulent, or the owner had no idea perhaps that money was being laundered through his or her account. 
The XXXX XXXX police informed me that they had frozen the account ( whatever that means ) on XXXX XXXX. Since then, my phone calls to Detective XXXX XXXX have gone unanswered. 
I'm trying to recover the money. 
To my astonishment, the account still appears to be open! This I learned through the first level of the fraud department at Wells Fargo who was observing it on his computer screen. He was not at liberty to tell me what name was on the account or how much money was in there. 
So I submitted a complaint to Wells Fargo, and the response I got was : "" We understand you believe you initiated a deposit because of a fraud scheme ; however, your request to reclaim the cash you deposited into your account ( my account? It was an account I had no knowledge of, nor had I ever heard of XXXX XXXX XXXX ) is an example of an adverse claim against a deposit. This means that after funds are in a depositor 's bank account ( hey, it was NOT my bank account -- duhhhhhh! ), a third party does not have the right to receive the cash back simply by making a demand for the funds. We regret we are not in a position to be more helpful at this time. '' The account was and clearly is a fraudulent account. ( It occurred to me that Wells Fargo was at the heart of a massive fraud scandal that made the headlines several years back. ) If the account is still viable, as I believe it is, then surely Wells Fargo must be aware that either 1 ) it's fraudulent and possibly a money laundering account, or 2 ) not fraudulent, but being USED by someone as a money laundering account without the account owner 's knowledge. 
In any case, I had lodged a complaint against XXXX ( from whom I had withdrawn the money ) earlier, but I was foolishly pointing in the wrong direction. XXXX 's attitude was, well you took the money out and benefited from it ( I didn't benefit from it, I lost it ), so too bad for you. 
Anyway, perhaps you can investigate this. It has a very bad smell to it. 
The account was clearly fraudulent on XXXX XXXX, and if it has been open all the while, that would suggest the likelihood that it's fraudulent now. 
Perhaps you can look into this for me. 
Thanks in advance for your time and consideration. 

Sincerely, XXXX XXXX XXXX XXXX ( XXXX ) XXXX",2022,4
39,5444549,2022-04-14,"This is a re-submission of a complaint I made over 30 days to Equifax via this complaint process ( XXXX ). Equifax has never followed up nor acknowledged the problem I outlined in the earlier complaint. My hope is that the CFPB can motivate Equifax to correct the problem. 

Since XX/XX/XXXX, I have written four certified letters ( attached ) to Equifax regarding inaccuracies and FCRA violations of the XXXX XXXX XXXX XXXX account # XXXX on my Equifax credit report. They have not corrected the multiple problems I have pointed out to them nor have they included my Notice of Dispute for this account which is required to be done within 30 days of being notified. I have also reported to them that clear evidence of re-aging has occurred with this account. All of these actions are clear FCRA violations. According to Title 15 U.S. Code 1681i : Subject to subsection ( f ) and except as provided in subsection ( g ), if the completeness or accuracy of any item of information contained in a consumers file at a consumer reporting agency is disputed by the consumer and the consumer notifies the agency directly, or indirectly through a reseller of such dispute, the agency shall, free of charge, conduct a reasonable re-investigation to determine whether the disputed information is inaccurate and record the current status of the disputed information, or delete the item from the file in accordance with paragraph ( 5 ), before the end of the 30-day period beginning on the date on which the agency receives the notice of the dispute from the consumer or reseller. The XXXX  account is shown in red on the attached letters with specific inaccuracies and FCRA violations which as of XX/XX/XXXX still have not been corrected : 1. ) An incorrect Date of Last Activity 2. ) Not listing my Notice of Dispute within 30 days of my notifying them. 3. ) An incorrect Payment History and Date of Last Payment 4. ) Clear re-aging of this account This account needs to be deleted immediately due to inaccuracies and clear FCRA violations.",2022,4
40,5577052,2022-05-18,"In accordance with the fair credit Reporting act PROGRESSIVE MANAGEMENT SYSTEMS, has violated my rights. 
15 USC 1681 Section 602 States I have the right to privacy.

15 USC 1681 Section 604 A Section 2 : It also states a consumer reporting agency can not furnish a account without my written instructions.

15 USC 1666B : A creditor may not treat a payment on a credit card account under an open end consumer credit plan as late for any purpose.",2022,5
41,5619434,2022-05-28,"Saturday, XX/XX/XXXX XXXX XXXX XXXX XXXX XXXX, XXXX XXXX XXXX XXXX, TX XXXX SSN : XXXX | DOB : XX/XX/XXXX TransUnion Consumer Solutions XXXX XXXX XXXX XXXX XXXX PA XXXX I recently reviewed my credit report and found unauthorized inquiries. 
I have already contacted the creditors below and they have not provided me with any proof that I initiated such inquiries, nor provided me with written authorization or any permissible purpose. Since they do not have my authorization, written nor verbal, I ask that you DELETE these unauthorized inquiries from my credit report immediately as there is no evidence of any authorization, nor any permissible purpose. 
As you know, according to Section 604 of the Fair Credit Reporting Act, Permissible Purposes of Consumer Reports 15 U.S. Code 1681b, Subsection ( a ), the below creditors have not demonstrated any allowable permissible purpose - and any consumer reporting agency may furnish a consumer report under those circumstances and no other.

As such, under 15 U.S. Code 1681i, Paragraph ( 5 ) Treatment of Inaccurate or Unverifiable Information ( A ) In general : If, after any reinvestigation under paragraph ( 1 ) of any information disputed by a consumer, an item of the information is found to be inaccurate or incomplete or can not be verified, the consumer reporting agency shall ( i ) promptly delete that item of information from the file of the consumer, or modify that item of information, as appropriate, based on the results of the reinvestigation ; and ( ii ) promptly notify the furnisher of that information that the information has been modified or deleted from the file of the consumer.

The following inquiries are unauthorized, and I ask that you DELETE them : Creditor Name : XXXX XXXX Inquiry Date : XX/XX/XXXX Reason : I don't recognize this inquiry Creditor Name : XXXX Inquiry Date : XX/XX/XXXX Reason : I don't recognize this inquiry Creditor Name : XXXX Inquiry Date : XX/XX/XXXX Reason : I don't recognize this inquiry Creditor Name : XXXX XXXX Inquiry Date : XX/XX/XXXX Reason : I don't recognize this inquiry Creditor Name : XXXX XXXX XXXXXXXX Inquiry Date : XX/XX/XXXX Reason : I don't recognize this inquiry Creditor Name : XXXX XXXX Inquiry Date : XX/XX/XXXX Reason : I don't recognize this inquiry Creditor Name : XXXX Inquiry Date : XX/XX/XXXX Reason : I don't recognize this inquiry Creditor Name : TRANS UNION Inquiry Date : XX/XX/XXXX Reason : I don't recognize this inquiry",2022,5
42,5547326,2022-05-06,I looked at my report after trying to get approved for a mortgage loan. The company denied me and I was appalled because I haven't used my credit much and when I did I kept good records with everyone. I submitted a complaint for identity theft and attaching the document below,2022,5
43,5572005,2022-05-17,"In accordance the fair credit Reporting act XXXX Account # XXXX, has violated my rights. 

15 USC 1681 Section 602 states I have the right to privacy.

15 USC 1681 Section 604 A Section 2 : It also states a consumer reporting agency can not furnish a account without my written instructions.

15 USC 166B : A creditor may not treat a payment on a credit card account under an open end consumer credit plan as late for any purpose.",2022,5
44,5560353,2022-05-13,"In accordance with the fair credit reporting at XXXX account # XXXX, has violated my rights. 

15 U.S.C 1681 section 602 A.

States I have the right to privacy.

15 U.S.C 1681 Section 2. 
It also states a customer reporting agency can not furnish a account without my written instructions. 



Creditor Contacts Creditor Name Address Phone Number XXXX XXXX XXXX XXXX XXXX XXXX XXXX XXXX XXXX TX XXXX XXXX XXXX XXXX XXXX XXXX XXXX XXXX VA XXXX XXXX XXXX  XXXX XXXX XXXX XXXX XXXX FL XXXX XXXX XXXX XXXX XXXX XXXX XXXX XXXX TX XXXX XXXX XXXX XXXX XXXX XXXX XXXX XXXX FL XXXX XXXX XXXX XXXX XXXX XXXX XXXX XXXX XXXX XXXX TX XXXX XXXX XXXX XXXX XXXX  XXXX XXXX XXXX XXXX XXXX XXXXXXXX XXXX CA XXXX XXXX XXXX XXXX XXXXXXXX XXXX XXXX XXXX XXXXXXXX GA XXXX XXXX XXXX XXXX XXXX XXXX XXXX XXXX XXXX OR XXXX XXXX XXXX XXXX XXXX XXXX XXXX XXXX XXXX XXXX IA XXXX XXXX XXXX XXXX XXXX XXXX XXXX XXXX XXXX XXXX XXXX TX XXXX XXXX XXXX XXXX XXXX XXXX XXXX XXXX XXXX XXXX XXXX XXXX XXXX XXXX XXXX XXXX XXXX XXXX XXXX XXXX  XXXX XXXX XXXX XXXX XXXXXXXX XXXX XXXX XXXX XXXX XXXX XXXX XXXXXXXX XXXX XXXX XXXX XXXX XXXX XXXX XXXX XXXX XXXX XXXX XXXX XXXX XXXX XXXX XXXX XXXX XXXXXXXX XXXX XXXX XXXX XXXX XXXX XXXX XXXX XXXX XXXX XXXX XXXX XXXX XXXX XXXX XXXX XXXX XXXX XXXX XXXX XXXX XXXX XXXX XXXX XXXX XXXX XXXX XXXX XXXX XXXX XXXX XXXX XXXX XXXX XXXX XXXXXXXX XXXX XXXX XXXX XXXX XXXX XXXX XXXX XXXX XXXX XXXX XXXX  XXXX XXXX XXXX XXXX XXXX XXXX XXXX XXXX XXXX  XXXX XXXX XXXX XXXX XXXX XXXX XXXX XXXX XXXX OF XXXX XXXX XXXX XXXX XXXX XXXX XXXX XXXX XXXX XXXX XXXX XXXX XXXX XXXX XXXX XXXX XXXX XXXX",2022,5
45,5524039,2022-05-01,They loaned me XXXX and started a savings you can unlock after you pay off the XXXX and XXXX in the savings I didnt realize they were charging me XXXX annul percentage interest on the full XXXX not just the XXXX they loaned when I asked them if they could just pay off the loan with the money I never received they refused their newest solution is I pay my next payment and let my account go 30 days past due and then they will close it,2022,5
46,5541398,2022-05-04,"In Accordance with The Fair Credit Reporting Act : XXXX XXXX Account XXXX has violated my rights. 

In Accordance with The Fair Credit Reporting Act : XXXX XXXX XXXXXXXX. Account XXXX has violated my rights. 

15 USC 1681 section 602A States I have the right to privacy. 

15 USC 1681 section 604A section 2 It also states a consumer reporting agency can not furnish an account without my written instruction.",2022,5
47,5577209,2022-05-19,"I have multiple address in my name THAT DONT BELONG TO ME : XXXXXXXX XXXX XXXX XXXX, XXXX XXXX XXXX La,XXXX  XXXX XXXX XXXX XXXX, Tx XXXX XXXX XXXX XXXX XXXX XXXX XXXX, ga XXXX XXXX XXXX XXXX XXXX XXXX XXXX XXXX XXXX XXXX XXXX  XXXX nj XXXX XXXX XXXX XXXX XXXX XXXX Tx,XXXX  XXXX XXXX XXXX XXXX XXXX XXXX, Tx XXXX Also i have names on my report thats not me XXXX XXXX THIS IS NOT MY NAME AND ANY THING IN THIS REPORT DOES NOT BELONG TO ME I WOULD LIKE ALL THINGS TO BE REMOVED IMMEDIATELY BECAUSE NONE OF THESE THINGS ON MY REPORT OR IN THIS STATEMENT BELONG TO ME.",2022,5
48,5542722,2022-05-05,"In accordance with the Fair Credit Reporting Act the Department of EducationXXXX Account XXXX XXXX, has violated my rights. 

15 US C 1681 section 602 A states I have a right to privacy. 

15 US C 1681 section 604 A Section 2 XXXX It also states a consumer reporting agency can not furnish a account without my written instructions.",2022,5
49,5545465,2022-05-05,"I have already disputed the inaccurate information on my credit report with PNC Bank NA in accordance with 15 U.S.C. 1681s-2 ( a ) ( 3 ).

The provision of subsection 1681s-2 ( a ) is enforced pursuant to 15 U.S.C. 1681s-2 ( d ). PNC Bank N.A . provided an inaccurate open PNC Credit Card Account in violation of 15 U.S.C. 1681s-2 ( a ) ( 1 ) ( B ) The consumer ( complainant ) requested to close his BBVA credit card account. 

Consumer declined the PNC Points XXXX  XXXX XXXX Credit Card and rejected the PNC Consumer Credit Agreement. 

PNC Bank NA falsely reported to the consumer reporting agency that the consumer had an open PNC credit card account. The consumer never open a PNC credit card account.",2022,5
50,5628466,2022-06-02,"Upon reviewing my updates, the incorrect information was still found in my reports which I believe has been taken care of due to the written appeals I sent. The last letter sent to Transunion was XX/XX/2022, but no response was ever received from them to date. Thus, their action has violated the Per Fair Credit Reporting Act Section 605B, which states that the credit bureaus are required to remove/block any account which was opened without my knowledge, consent or authority within 4 business days. The account listed below is still reporting on my Credit Reports and need to delete immediately : XXXX XXXX  XXXX, XXXX XXXX XXXX, XXXX XXXX XXXX",2022,6
51,5634757,2022-06-05,"In accordance with the fair credit Reporting act XXXX Account # XXXX has violated my rights.

15 USC 1681 Section 602 States I have the right to privacy.

15 USC 1681 Section 604 A Section 2 : It also states a consumer reporting agency can not furnish a account without my written instructions.

15 USC 1666B : A creditor may not treat A payment on a student loan account any open end consumer credit plan as late for any purpose.

Again, attempted to communicate with the company and was provided a very generic response",2022,6
52,5680350,2022-06-17,"I noticed several accounts on my credit report that does not belong to. 

XXXX XXXX XXXXXXXX XXXX XXXX XXXX XXXXXXXX XXXX XXXX XXXX XXXX XXXX XXXX XXXX XXXX XXXX XXXX XXXX XXXX",2022,6
53,5703090,2022-06-24,"In accordance with the Fair Credit Reporting Act : XXXX XXXX Account : XXXX has violated my rights ; XXXXXXXX XXXX XXXX  : XXXX has violated my rights ; XXXX. XXXX Account XXXX has violated my rights ; XXXX. XXXX XXXX Account XXXX has violated my rights ; and XXXX. XXXX Account XXXX has violated my rights. 

15 U.S.C 1681 Section 602 A. states : I have the right to privacy. Additionally, 15 U.S.C 1681 Section 604 A Section 2 : states : "" a consumer reporting agency can not furnish an account without my written instructions. ''",2022,6
54,5623626,2022-06-01,"In accordance with the Fair Credit Reporting act the following creditors/ credit reporting agencies have violated my rights. 

-- XXXX XXXX XXXX XXXX XXXX XXXX XXXX XXXX XXXX XXXX XXXX XXXX XXXX XXXX XXXX  XXXX -- XXXX XXXX XXXX # XXXX -- XXXX XXXX XXXX # XXXX -- XXXX XXXX XXXX # XXXX -- U S DEPT OF ED/XXXX # XXXX -- U S DEPT OF EDXXXX # XXXX -- US DEPT. OF EDXXXX # XXXXXXXX XXXX XXXX XXXX XXXX XXXX XXXXXXXX -- XXXX XXXX # XXXX -- No Acct Name # XXXX -- No Acct Name # XXXX -- No Acct Name # XXXX -- XXXX XXXX XXXXXXXX -- XXXX XXXXXXXX XXXX XXXX 15 U.S.C 1681 section 602 A. States I have the right to privacy.

15 U.S.C 1681 Section 604 A Section 2 : It also states a consumer reporting agency can not furnish a account without my written instructions",2022,6
55,5661788,2022-06-12,"I am a victim of identity theft. See Attached FTC Report, Utility bill, and form of identification and remove the following accounts per 605B of the FCRA. 

XXXX XXXX XXXX XXXX XXXX XXXX XXXX XXXX XXXX XXXX",2022,6
56,5724025,2022-06-30,XX/XX/2022 XXXX XXXX please remove fraudulent/ unauthorized inquiry on my report or provide proof in writing within 30 days.,2022,6
57,5646733,2022-06-08,"Over last 6 months with three letters, I had requested these nine accounts to be VALIDATED. Instead the agency comes back with it verified which does not answer my dispute of validation. This is my consumer right to request how you obtained the information in the investigation. You are to get a contract by the company with my original signature to validate these accounts. Since you refused to honor my request, your violating my rights as a consumer. Furthermore looking at these accounts, they are invalid in reporting which again violates my rights. They are reporting XXXX ( no lates ) but yet a charged off account. Three letters and not responding to my requests, I am requesting a immediate deletion. These companies further more no longer own these accounts so I would no longer be liable to them. 
Attached are the accounts in question on last correspondence that I sent to agency.",2022,6
58,5710972,2022-06-27,"In accordance with the Fair Credit Reporting act XXXX XXXX  acct # XXXX, XXXX XXXX acct # XXXX, State of Michigan Child Support acct # XXXX, State of Michigan Child Support acct # XXXX, XXXX, XXXX acct # XXXX, XXXX XXXX XXXX XXXX acct # XXXX, XXXX XXXX XXXX acct # XXXX, XXXX XXXX XXXX acct # XXXX, has violated my rights.",2022,6
59,5717154,2022-06-28,Hi I am submitting this XXXX XXXX this isn't any influence and this is not a third party. TransUnion has low and unfair credit number for me in their report. I have complained. The problem has not been resolved. my fico has me at a credit score over 719transunion has me at a score around 590. That is a huge difference. transunion paints me as a XXXX. my fico say I have good credit. What the heck is going on here. i have almost no debt and my identity was stolen causing my score to drop n i made this clear for 60 days straight with transunion i spoke to a representative agent name XXXX and XXXX and XXXX from the fraud department I prefer to speak to a us rept but they refused they had me on mute for 4 hours which was hurtful I have a perfect repayment record. I have very low credit utilization. I have three negative credit items outstanding debt now. I have modest but ok income. Social Security. Something is wrong with Transunion. I do not understand why they are abusing consumers .This was a fist step towards attempting resolution. They kept lying telling me they disputed n its not reporting but it keep reporting this inaccurate information without my authorization. They refused or were unable to verify n remove the inquiries and its been 60days n they record the calls n admitted they had my police report n ftc and affidavit That was after attempting to contact Transunion more than 21 times. transunion is an abusive company. They are supposed to be protecting consumers. They need to be reigned in. they are causing me severe XXXX and stopping me from getting this job offer n now im XXXX n cant provide to my XXXX XXXX XXXX daughter PLEASE HELP ME PLEASE im XXXX now.with no help.,2022,6
60,5746491,2022-07-07,XX/XX/XXXX XXXX deposited XXXX in to my cash out problem ia my phone was stolen suggest XXXX by the time I got a new phone and in my account my money was gone I reported it right away and they only refunded me some of the merchant transactions but not the money that was transfered I had been in contact going back and forth for months and then they just closed my case,2022,7
61,5744020,2022-07-07,"I have sent this collections creditor two letters asking for full validation of the debt that they are trying to collect from me and reporting against me on the credit reports. I have a right to understand the charges being held against me. To date, I've yet to receive any answer, but yet they are allowed to be reporting against me on the credit report, whether the information is right or wrong.",2022,7
62,5788495,2022-07-20,I did not consent to authorize nor Benefit from the following account ( s ). Block and Remove,2022,7
63,5752249,2022-07-09,On our Equifax credit report it shows a lot of hard inquiries from car companies that we did not authorize. We only authorized XXXX XXXX and XXXXXXXX XXXX. There are over 60 hard inquiries which is damaging our report. I contacted Equifax and they are refusing to dispute the inquiries,2022,7
64,5812449,2022-07-26,"On XXXX Transunion and XXXX received a package from XXXX XXXX consisting of a demand letter, a notarized affidavit, and exhibits attached ( see attached files ). Transunion XXXX XXXX continues to report inaccurate information on the consumers consumer report without disclosing the method of verification used to verify the inaccurate accounts. Transunion and XXXX is in violation of 15 USC 1681i ( a ) ( 6 ) ( B ) ( iii ).",2022,7
65,5780547,2022-07-18,I contact these companies to ask why my credit was ran and that my identity was compromised and that i have a ID SECURITY ALERT on my ssn .... and ask them to remove them ... .see below... and no one responded at all XXXX XXXX XXXX XXXX XXXX XXXX XXXX XXXX XXXX XXXX XXXX XXXX XXXX XXXX XXXX XXXX XXXX XXXX XXXX XXXX XXXX XXXX XXXX XXXX XXXX XXXX XXXX XXXX XXXX XXXX,2022,7
66,5748722,2022-07-08,"I opened a checking account with CHIME in XXXX XXXX also requested direct deposit so that my social security check would be deposited. 
SS told me it could take up to 2 months for this to begin. I received a loan in XXXX from XXXX in the amt of {$2000.00} which I deposited into my Chime checking. After spending money I recieved a call from chime stating they needed his credentials as they were concerned of my spending habit and asked me to identify myself and the info I provided was incorrect and after several unsuccessful attempts I was advised that unless I provided my credentials info correctly, they would close my acct. Then in XXXX they closed my account, then my first social security check was returned. Since that day I have repeatedly requested my money refund and I keep getting the same form letter from all sont at least 10rts of people they claim to be from member services and i keep getting emails that ask for selfie pic, holding up my ID and ast 4 digits of my SS # I have sent them so many of their requested documents then they request them in XXXX form. So I sent them in that form. Ive had them tell me they were going to call on XXXX different occasions. Ive tried calling on several occassions, only to get no person, i have begged and begged, im so frustrated because i am on social security XXXX and deperately need my money. I gave them an address change with proof but nothing is being accepted. I requested a manager to no avail. They claim to have sent a check in XXXX that was returned. Im just at my wits end. Please help me resolve this matter",2022,7
67,5803214,2022-07-23,"In accordance with the Fair Credit Reporting Act XXXX Account XXXX XXXX  # XXXX, has violated my rights. 

15 U.S.C 1681 Section 602 A. States I have the right to privacy.

15 U.S.C 1681 Section 604 A. Section 2 : It also states a consumer reporting agency can not furnish a account without my written instruction",2022,7
68,5750489,2022-07-08,"I received an e-mail saying a new negative item was now impacting my credit score. I logged in and checked and it was a balance from a collection agency for an amount of {$680.00}. I asked for the item to be disputed ( with experian ) and they did so, but in a short time confirmed it was my information. I tried to file a police report but the police still have not returned my calls. Experian doesnt seem concerned that Im telling them that the person who used my info to get approved for this card was not me. I told the collection agency that this isnt me. They agreed that it looked suspicious that it was not my address on the account. I still have not heard back from XXXX XXXX XXXX. My previous employer, XXXX XXXX XXXX lost my personal information due to a data breach. During the year of 2021 I had the credit reporting agencies lock my social security number with a fraud alert.",2022,7
69,5760966,2022-07-12,"Attempted on Thursday, XX/XX/XXXX, to remove EXPERIAN credit freeze from both my wife 's account and mine to purchase vehicle. Remove was supposed to go from that day to noon, XX/XX/XXXX. After almost two hours online during which Experian 's computers kept combining my credit report with my wife 's, were able to finally, by pure luck, to speak with a human being after calling seven different numbers. The person went through a complete redo of my account and recheck of my wife 's information. He then said both accounts were unfrozen as requested and that he would sent me a confirmation number. Instead, the confirmation number for me was sent to my wife 's email address as was another confirmation number for her. All I received was an ad for some paid Experian service. 

At the dealer on Friday, XXXX XXXX through which the dealer was financing, reported that my account was unfrozen BUT MY WIFE 'S WAS NOT and as always, we had no recourse except to send something to Experian by regular mail. This necessitated another hour at the dealership as all the paperwork was redone to reflect only me as the purchaser. This is not the first time we have had similar issues with Experian. We do not use major credit that often, but henceforth, if we encounter a business that requires a report from Experian, we will refuse to purchase. We are sick of their incompetence and buck-passing. 

Please note we have never had any such issue with XXXX or XXXX.",2022,7
70,5916545,2022-08-25,Getting notification in the mail that i applied for a credit card at there store. And it wasnt me. My wallet was stolen. I called each company to let them know that it wasnt me. And they put alert on it.,2022,8
71,5833828,2022-08-03,"I have submitted several letters to all 3 credit bureaus- Equifax XXXX XXXX XXXX and XXXX disputing this Account with ( XXXX XXXX ) - name as reported to my credit report. They keep sending me a letter that this account was verified but have failed to explain WHY, WHO, & WHEN. ( DEBT VALIDATION ) They have failed to present me with proper documents that show their method of verification. They have also failed to show me original documents bearing my signature with this account.

This account also shows a few incorrect information such as the ''date opened '', ''date verified '', '' closed date '', ''account status '', ''dispute status '' and ''date of last activity ''. ONLY ONE BUREAU IS SHOWING A ACTUAL CLOSED DATE FOR THIS ACCOUNT. THIS ACCOUNT NUMBER IS ALSO INCOMPLETELY REPORTED FROM ALL 3 BUREAUS. This account is also in VIOLATION of Metro 2 Compliance because THIS ACCOUNT IS ALSO REPORTING INCORRECTLY & ALOT OF FIELDS ARE BLANK & MISSING INFORMATION. THIS ACCOUNT IS ALSO REPORTING A "" LATE-PAYMENT STATUS '', WHICH IS ILLEGAL BECAUSE A CLOSED ACCOUNT IS NOT SUPPOSED TO REPORT LATE PAYMENTS NOR A BALANCE.

In addition, I have been sending dispute letters to these bureaus and they have FAILED to update the ''dispute status '' of this account.

All 3 credit bureaus are reporting DIFFERENT INFORMATION on this SAME account which is ALSO against my consumer rights. According to the FRCA consumer reporting, agencies must correct or delete inaccurate, incomplete, or unverifiable information. If this INCOMPLETE, UNVERIFIABLE, UNFAIR, and INACCURATE information is not deleted in 30 days I will be visiting my local small claims court to begin the process of a Lawsuit against ALL 3 credit bureaus and ( XXXX XXXX ). I expect to receive an updated credit report within the next 30 days showing that this account has been DELETED.",2022,8
72,5870030,2022-08-12,"in accordance with the Fair Credit Reporting act XXXX XXXX  Account # XXXX, has violated my rights. 

15 U.S.C 1681 section 602 A. States I have the right to privacy.

15 U.S.C 1681 Section 604 A Section 2 : It also states a consumer reporting agency can not furnish a account without my written instructions",2022,8
73,5830545,2022-08-02,"I sent a letter to Experian Credit Bureau on XX/XX/2022 to removeXXXX XXXX XXXX XXXX XXXX Balance : {$1700.00} that is UNKNOWN to me. I came across this law today and according to the Per FCRA 605B ( 15 U.S.C. 1681c-2 ) CREDIT BUREAUS are required to remove any account or information not later than 4 business days after the XX/XX/2022 letter .Ive already included this in my previous Complaint # XXXX and XXXX & I am including it again.,",2022,8
74,5851059,2022-08-07,"I declare under penalty of perjury ( under the laws of the United States, if executed outside of the United States ) that the foregoing is true and correct to the best of my knowledge. Further, I certify that I am permitted by FEDERAL and STATE LAW to file this dispute. I also understand that knowing and willful misstatements or omissions of material facts constitutes a FEDERAL CRIMINAL VIOLATION punishable under 18 U.S.C. 1001. Additionally, these misstatements are punishable as perjury under 18 U.S.C. 1621. This item found within my credit report is not related to any transaction that I made. I am alleging that a person or company- without my authorization- used my personal identifying information to apply for goods, services, or money ; and was successful in creating this account. This debt collector is in violation for putting this unknown account on my credit report. This has caused me to suffer and its defamation of my character. 

XXXX XXXX XXXX XXXX Original creditor : XXXX XXXX XXXX XXXX",2022,8
75,5884787,2022-08-16,"n accordance with the Fair Credit Reporting act XXXX Account # XXXX, has violated my rights. 

15 U.S.C 1681 section 602 A. States I have the right to privacy. 

15 U.S.C 1681 Section 604 A Section 2 : It also states a consumer reporting agency can not furnish a account without my written instructions",2022,8
76,5869053,2022-08-11,"I have been getting the runaround from Selene Finance since XXXX of XXXX. My loan was transferred from XXXX to Selene Finance. I have a previous complaint against Selene : no XXXX. Unfortunately, the issues have not been resolved. On or about XX/XX/XXXX, I received loan modification docs with my Ex-Wife 's name. I sent Selene an email to notify them of the error. They asked that I send them a copy of the quitclaim and divorce decree. I sent it close to 10 times, and they've denied receipt for the past three months. 

I had to file a complaint for them to honor the original modification agreement with XXXX. However, I called today, and they informed me I would have to begin the process over. They did not provide any sound or logical reason.",2022,8
77,5924818,2022-08-29,"I value your help to REMOVED a portion of the data in my credit file that came about because of a FRAUD yet I have an items passed on that should be taken out or Block. Per FCRA segment 605 you are expected to eliminate any records recorded on an ID THEFT REPORT. I've proactively remembered this report for a past letter and I am including it once more. I've educated my lawyer regarding my aims and they are eager to consider you responsible for your tenacious rebelliousness. 
XXXX XXXX XXXX XXXX XXXX, GA XXXX, XXXX XXXX XXXX XXXX XXXX, IL XXXX XXXX XXXX XXXX XXXX XXXX XXXXXXXX XXXX XXXX, IL XXXX, XXXX XXXX XXXX XXXX XXXX XXXX, AR XXXX, XXXX XXXX Balance : {$0.00}, XXXX XXXX Balance : {$740.00}, XXXX XXXX  XXXX XXXX XXXX : {$0.00}.",2022,8
78,5842584,2022-08-05,"My personal information has been stolen, I am submitting my ID, Identity theft report and Notarized Identity theft Affidavit. I meet all the qualifications under 15 USC 1681c-2 for Block and Removal of the information that resulted from an identity theft on my consumer report.",2022,8
79,5873404,2022-08-12,"After sending 3 letters to Experian ( XX/XX/2022, XX/XX/2022 and XX/XX/2022 ) regarding the removal of inaccurate information on the consumer report. On XX/XX/2022 I called to followup on thw written letters and spoke with a women XXXX from the Fraud department. 

After going over the inaccuracies on the account and incomplete information when I look again on the online account the changes were not made. XXXX XXXX Fraud dept representative ) also mentions to me that my name variation couldn't be changed. That's incorrect information because that name on the consumer report is not full name. Also, my address was not updated as requested. 

This consumer report could have been accurate if proper investigation was completed by the consumer reporting agency.",2022,8
80,5971848,2022-09-13,"Im submitting a complaint to you today to inform you I was the victim of identity theft. I researched on how to remove the fraudulent accounts in my report and found that I need to visit FEDERAL TRADE COMMISION or https : XXXX to file a report and Per FCRA section 605b Credit Reporting Agencies are required to remove/block any accounts listed on an id theft report. Please find the ATTACHED documents to assist in the blocking of the erroneous information which is being posted to my report. 

Here is the list of accounts/items which do not belong to me or were opened without my permission. 

XXXX XXXX Date Opened : XX/XX/2012 Balance : {$0.00}. 

According to FCRA XXXX XXXX ( a ) the CREDIT REPORTING AGENCIES shall block any information in the file of a consumer that the consumer identifies as information that resulted from an alleged identity theft, not later than 4 business days after the date of receipt.",2022,9
81,5952464,2022-09-07,"In accordance with the Fair Credit Reporting act has violated my rights. 

XXXX XXXX XXXX XXXX XXXX XXXX XXXX XXXX OF THE ATTY XXXX XXXX CHILD XXXX XXXX XXXX XXXX XXXX XXXX XXXX XXXX XXXX XXXX XXXX  XXXX XXXX XXXX XXXX XXXX XXXX XXXX XXXX. 
PROTECT YOUR XXXX XXXX XXXX XXXX XXXX 15 U.S.C 1681 section 602 A. States I have the right to privacy. 

15 U.S.C 1681 Section 604 A Section 2 : It also states a consumer reporting agency can not furnish a account without my written instructions",2022,9
82,6029123,2022-09-28,"I submitted disputes and the FTC report for the fraudulent accounts that were opened using my identity and credit. After XXXX, XXXX, and Experian conducted their investigation of the following accounts they still refused to remove these accounts which are fraudulent. 

XXXX XXXX Adjustment - Account Number XXXX - Amount : {$360.00} -- -- -- -- -- -- -- -- -- -- -- -- -- -- -- -- -- -- -- -- -- -- -- -- -- -- -- -- -- - XXXX-EXPERIAN-XXXX  XXXXXXXX XXXX XXXX Account XXXX XXXX - Amount {$600.00} XXXX XXXX - Account Number XXXX -Amount XXXX {$950.00}",2022,9
83,6006172,2022-09-22,"Again, I was a victim of identity theft and this is another request to remove the information from my credit file resulting from alleged identity theft. Per FCRA 605B ( 15 U.S.C. 1681c-2 ) CREDIT BUREAUS are required to remove any items not later than 4 business days after the receipt. Also, the information provided on some items are UNKNOWN to me and REMOVED from other bureaus and I have doubts about their accuracy. PLEASE DELETE THESE UNKNOWN ITEMS. 
XXXX XXXXXXXX XXXX XXXX XXXX XXXX XXXX XXXX XXXX XXXX XXXX XXXX XXXX XXXX XXXX XXXX XXXX XXXX XXXX XXXX XXXX XXXX XXXX XXXX XXXX XXXX XXXX XXXX XXXX XXXX XXXX XXXX XXXX XXXX XXXX XXXX XXXX XXXX XXXXXXXX Balance : {$0.00} XXXX XXXX XXXX Balance : {$42000.00} XXXX XXXX XXXXXXXX Balance : {$12000.00} XXXX XXXXXXXX XXXX Balance : {$1800.00} XXXX XXXXXXXX Bankruptcy Reference # : XXXX Date Filed/Reported : XX/XX/XXXXXXXX XXXX XXXX XXXXXXXX Balance : {$1000.00}",2022,9
84,5940751,2022-09-01,"I fell behind on my credit card and I received a notice about making a payment to unrestrict my credit card. I followed the prompts and even talked to someone on the phone on XX/XX/XXXX ( XXXX ). The payment was made using a savings account. I waited and waited for the funds to be drafted but they never did. I then received an email stating my payment was returned, but the funds were never removed. I called back to resubmit the payment and was advised that everything was fine. I have been looking forward to using my credit card and made another payment only to be told by XXXX ( XXXX ) that my account could not be unrestricted. I was lied to and deceived just to get a payment from me for a credit card I can no longer use. I requested my funds from my payment back and they said they couldn't do that either.",2022,9
85,5988856,2022-09-17,"I was a victim of Identity Theft. Per the Fair Credit Reporting Act Section 605b ( a ) ( 2 ) you are required to remove any accounts opened without my knowledge, consent, or authority. Also in addition to Section 1681c-2 ( a ) you are required to block any information in the file that I have identified that resulted from identity theft. The following items need to be removed and blocked as they are fraudulent. 
XXXX. Identity Theft XXXX XXXX Account Number : XXXX As A Consumer By Law This Account Must Be Removed Immediately. 
XXXX. Validate Inaccurate/Reported Late payment XXXX  XXXX Account Number : XXXX Please correct/update this inaccurate information on my credit report. 
XXXX. Validate Inaccurate/Reported Late payment XXXX Account XXXX : XXXX Please correct/update this inaccurate information on my credit report. 
XXXX. The following personal information is incorrect Account Number : EMPLOYER : XXXXXXXX XXXX XXXX. The following personal information is incorrect Account Number : EMPLOYER : XXXX XXXX XXXX. The following personal information is incorrect Account Number : PREVIOUS ADDRESS : XXXX XXXX XXXX XXXX XXXX XXXX, AZ XXXX XXXX. The following personal information is incorrect Account Number : PREVIOUS ADDRESS : XXXX XXXX XXXX XXXX XXXX XXXX, CA XXXX",2022,9
86,6017272,2022-09-25,"The credit reporting agency has been notified multiple times that these accounts should be removed from my credit report. These accounts are fraudulent and erroneous. I have been denied CREDIT, HOUSING and EMPLOYMRNT due to this erroneous information. 

US DEPARTMENT OF ED/ XXXX Acct # - XXXX Acct # - XXXX Acct # - XXXX Acct # - XXXX Acct # - XXXX cc : XXXX XXXX, XXXX",2022,9
87,6030516,2022-09-29,"I recently did an investigation on my credit report which caused severe XXXX upon me and found unverifiable, invalidated, inaccurate, and questionable items that your agency didn't make sure it was reporting 100 % correct. 

In accordance with the Fair Credit Reporting Act, everything has to be 100 % accurate on my credit report and Under 15 U.S. Code 1681e ( b ) and 15 U.S. Code 1681i ( 5 ) these accounts are in violation of not reporting 100 % accurate. 

XXXX XXXX XXXX Account Number : XXXX XXXX XXXX Account Number : XXXX XXXX  Account Number : XXXXXXXX XXXX XXXX XXXX  Account Number : XXXX XXXX XXXX XXXX  Account Number : XXXX Also, In accordance with the Fair Credit Reporting Act, the list of accounts above have violated my federally protected consumer rights privacy and confidentiality under 15 U.S.C. 1681.

15 U.S.C. 1681 Section 602 A. States that I have the right to privacy.

15 U.S.C. 1681 Section 604 A, Section 2 States a consumer reporting agency can not furnish an account without my written instructions.

15 U.S.C. 1681s-2 ( A ) ( 1 ) A person shall not furnish any information relating to a consumer to any consumer reporting agency if the person knows or has reason to believe that the information is inaccurate.

15 U.S.C. 1681c ( a ) ( 5 ) Section states no consumer reporting agency can make any consumer report containing any of the following items of information Any other adverse item of information, other that records of conviction of crimes which antedates the report by more than 7 years.",2022,9
88,5991700,2022-09-17,"I did not authorize nor consent to the following inquires being furnished on my consumer reports. 
XXXX. XX/XX/XXXX XXXX XXXX. XX/XX/XXXX XXXX",2022,9
89,5968761,2022-09-10,"{$200.00} was withdrawn from my account on XX/XX/2022 ( XXXX ) at Truist ( formally BB & T ). My name was on my mother-in-laws account ( I thought for emergency purposes only ). My mother-in-law died on XX/XX/2022. I never had her debit cards or withdrew money from her account. After she died someone used her debit card all over the place according to the bank statement given to me by the bank. I never did. I went the bank and spoke to rep, XXXX XXXX who said I could help my case to get a police report, I submitted a police report number to the bank ( via email ). When my mother-in-law died, I was in the XXXX My wife called the bank but was told she could do nothing. She also took the death certificate to the bank when it was BB & T. We went to the bank and was told it would be given to fraud unit. I called the fraud unit and lady said it was beyond her scope. I'm XXXX and I live off that small amount. I am trying to get my {$200.00} refunded to my account. I never used account XXXX.",2022,9
90,6075709,2022-10-12,"I am very concerned about the items that are being shown on my credit report. Not only are they inaccurate, they are also unjust, because they should not be reporting on my credit report! I ask that you delete these accounts, or I will be filing a legal complaint against you!",2022,10
91,6050178,2022-10-04,"Previously, I received emails from Credit Karma for pre-approved credit cards and when filling out the information and submitting it I was denied due to previous bankruptcy and a hard credit hit was on my account.",2022,10
92,6107159,2022-10-20,XX/XX/2022 tell me why with online banks in this case XXXX you can not speak with a person on the phone you have to wait in a chat line for 30 min trying to get in touch with a person how is this ok when you are dealing with a person money. Money they work hard for and you can not even speak to a person on a phone. How is it that the government is allowing places like XXXX to even be in business. Then I go through the chat system after waiting and XXXX ends her chat with me and does nothing at all to even help. What happens if money is taken from a persons account and they need help they can't get it because you are unable to even speak with a person on the phone and have to wait for 53 people ahead of you to even get help then they just leave the chat when they feel like it. I am going to tell you customer service is the worst and when it comes to a bank this should not be aloud to happen.,2022,10
93,6107264,2022-10-20,Hi I am submitting this XXXX XXXX this isn't any influence and this is not a third party. TransUnion has low and unfair credit number for me in their report. I have complained. The problem has not been resolved. my fico has me at a credit score over XXXXtransunion has me at a score around XXXX. That is a huge difference. transunion paints me as a XXXX. my fico say I have good credit. What the heck is going on here. i have almost no debt and my identity was stolen causing my score to drop n i made this clear for 60 days straight with transunion i spoke to a representative agent name XXXX and XXXX and XXXX from the fraud department I prefer to speak to a us rept but they refused they had me on mute for 4 hours which was hurtful I have a perfect repayment record. I have very low credit utilization. I have three negative credit items outstanding debt now. I have modest but ok income. Social Security. Something is wrong with Transunion. I do not understand why they are abusing consumers .This was a fist step towards attempting resolution. They kept lying telling me they disputed n its not reporting but it keep reporting this inaccurate information without my authorization. They refused or were unable to verify n remove the inquiries and its been 60days n they record the calls n admitted they had my police report n ftc and affidavit That was after attempting to contact Transunion more than 21 times. transunion is an abusive company. They are supposed to be protecting consumers. They need to be reigned in. they are causing me severe XXXX and stopping me from getting this job offer n now im homeless n cant provide to my XXXX year old daughter PLEASE HELP ME PLEASE im depressed now.with no help.,2022,10
94,6103330,2022-10-19,"I understand that XXXX, XXXX and Equifax assumed a vital role in assemble information on me as a federal protected consumer. XXXX, XXXX and Equifax is impeding the banking system. XXXX, XXXX, Equifax is not invested in ensuring that my credit report is fair and accurate 15 USC 1681 ( a ) ( 1 ) ( 2 ) ( 3 ) ( 4 ) ( b ). You ( XXXX, XXXX and Equifax ) are impairing the efficiency of the bank system. I have lost confidence in the system because the system is not vested in ensuring accurate consumer reporting. I didn't give permission to report the following information which puts you ( XXXX, XXXX and Equifax ) in violations. I didn't give you permission to report late payments, charged offs, inquiries, bankruptcy, etc. Please remove these items immediately not later than 4 business days 1681 ( c ) ( 2 ). I never gave consent to E Oscar verification. Agency is not suppose to rely on the information provided by the furnisher of that item when doing an investigation. They have to do a independent investigation of the information being reported. They suppose to conduct personal interviews. They must notify me who they're going to contact to conduct these interviews 15 USC 1692 ( b ). 15 USC 1611- Criminal liability for willful and knowing violation. XXXX has cause intentional infliction of emotional distress, invasion of my privacy, fraud, negligence, breach of duty and conversion ( use of information without permission ). I will like to sue for compensatory damages, punitive damages, injunctive relief and emotional damages.",2022,10
95,6149118,2022-10-31,"I submitted a letter to the XXXX Credit Bureau XX/XX/XXXX to update this suspicious information. I've talked to the bank & they've agreed to remove the account. BUT XXXX has some internal block which they're claiming they can use to not remove the account because they feel they're above the law. When questioned why they're not accepting the dispute letter they claim they have an internal policy ( which is OUTSIDE FCRA laws ) & they're unwilling to explain why they won't accept the dispute letter ( which is a FEDERAL LAW ). So XXXX feels they're above the letter of the law & will not explain their policy... 
As required under Section 609 ( a ) ( 1 ) ( A ) Disclosures to consumers [ 15 U.S.C. 1681g ] ( ( a ) Information on file ; sources ; report recipients. Every XXXX shall, upon request, and subject to 610 ( a ) ( 1 ) [ 1681h ], clearly and accurately disclose to the consumer. If the consumer to whom the file relates requests that the first 5 digits of the social security number ( or similar identification number ) of the consumer not be included in the disclosure and the consumer reporting agency has received appropriate proof of the identity of the requester, the consumer reporting agency shall so truncate such number in such disclosure. & Section 611 ( a ) ( 1 ) ( A ) Procedure in case of disputed accuracy [ 15 U.S.C. 1681i ] ( a ) Reinvestigations of Disputed Information. If the completeness or accuracy of any item of information contained in a my file at TransUnion is disputed by the consumer and the consumer notifies the agency directly, or indirectly through a creditor, the Bureaus shall, free of charge, conduct a reasonable reinvestigation to determine whether the disputed information is inaccurate and record the current status of the disputed information, or delete the item from my file in accordance with paragraph ( 5 ), before the end of the 30-day period beginning on the date on which the agency receives the notice of the dispute from the consumer or creditor. 
XXXX XXXX Date Opened : XX/XX/XXXX Balance : {$0.00}",2022,10
96,6142571,2022-10-31,"The inquires below are not recognized. I have tried to resolve this matter several times. 

XXXX XXXX XXXX XXXX XXXX XXXX XXXX XXXX",2022,10
97,6088398,2022-10-14,"XX/XX/2022 I the Consumer applied for a mortgage with wellsfargo. I without asking uploaded my paystubs to their portal. WellsFargo used my SSN ( credit card ) to run my credit as well. XXXX XXXX called me and asked me some questions. She asked about my citizenship status and if I pay taxes. I'm not a citizen  I'm XXXX XXXX  which wellsfargo does not have an option for so I selected non citizen. Wellsfargo never asked me to submit any documentation proving that. Their Rep even stated that because I do not pay taxes I can not get a home loan. Which is not true! They discriminated against and DENIED I, the Consumer Credit. Wellsfargo violated 15 US C 168m and 12 cfr 1002 because I Again the Consumer, did an application in good faith, but credit was not issued. Wellsfargo discriminated Against me for not paying taxes and being a non citizen. Please see attached email from XXXX. Wellsfargo has done FRAUDULENT ACTIVITY ( unauthorized use of credit card 15 USC 1602p )",2022,10
98,6071732,2022-10-11,My mortgage loan ( with XXXX XXXX ) disappeared from my credit report- it was being reported previously for the 12 years I've had it. All of a sudden it dropped off my credit report. I contacted my mortgage company and they show my loan and have contacted credit agencies but the loan is still missing from my credit report.,2022,10
99,6085263,2022-10-15,Lost around XXXX dollars from my bank card.,2022,10
100,6233071,2022-11-22,"I just tried to access my Citi Bank Savings account since I received an email saying that the APY was increase on my account to XXXX XXXX. While I was trying to log in i receive a message saying that the account was inactive and that I needed to call a number. I proceeded to call the number and it was respond by a call center in XXXX. They got my info and transfer me to a different department. After doing so, an agent responded by saying that my account was terminated and that they couldn't talk to me anymore and just hung up on me. I tried calling again and requested to talk to a supervisor in the US. They trick me and pass me over to another agent in XXXX that had less of an accent but still was not American and when I caught them on the lie they just told me that they didn't have any employees in the US. Please not that this is a US bank that hold $ XXXX of my money. That person then passed me over to a "" supervisor '' in XXXX and this guy told me that my account was closed and that I should be able to get my money back within XXXX to 60 days. 

This is unacceptable. This is all the cash I have and this people think they can just hold it from me? I need to make a $ XXXX payment on friday that will result on a penalty if I dont and Citi Bank wont even pass me over to US representative to give me a solution or at least an explanation? 

How is it possible that one of the largest banks of North America dont have a single employee in the continental US to address this type of issues that are time sensitive. This has to be illegal one way or the other. I have no issues now or never had any discrepancies or issues with the IRS. I don't have kids so I don't pay child support. The only institutions that can freeze my money is the federal Gobverment and thats no the case.",2022,11
101,6199996,2022-11-15,"Im submitting a complaint to you today to inform you I was the victim of identity theft. I researched on how to remove the fraudulent ITEMS in my report and found that I need to visit FEDERAL TRADE COMMISION or https : //www.ftc.gov to file a report and Per FCRA section 605b Credit Reporting Agencies are required to remove/block any ITEMS listed on an id theft report. Please find the ATTACHED documents to assist in the blocking of the erroneous information which is being posted to my report. 

Here is the list of items which do not belong to me or were opened without my permission. 

XXXXXXXX XXXX XXXX XXXX XXXX XXXX XXXX XXXX XXXX XXXX XXXX XXXX XXXX XXXX XXXX XXXX XXXX XXXX XXXX XXXX XXXX XXXX XXXX XXXX XXXX XXXX XXXX XXXX XXXX XXXX XXXX XXXX XXXX XXXX XXXX XXXX XXXX XXXX XXXX XXXX XXXX XXXX XXXX XXXX XXXX XXXX XXXX XXXX XXXX XXXX XXXX, CA XXXX XXXX XXXX XXXX # XXXX XXXX XXXX, CA XXXXXXXX XXXX XXXX XXXX XXXX XXXX XXXX XXXX XXXX XXXX XXXX XXXX XXXX XXXX XXXX XXXX XXXX XXXX XXXX XXXX XXXX {$0.00} TRANSUNION : XXXX XXXX XXXX XXXX XXXX XXXX XXXX XXXX XXXX XXXX XXXX, CA XXXXXXXX XXXX XXXX XXXX XXXX XXXX XXXX XXXX XXXX XXXX XXXX XXXX XXXX XXXX XXXX XXXX XXXX XXXX XXXX XXXX XXXX XXXX XXXX XXXX XXXX XXXX XXXX XXXX XXXX XXXX XXXX XXXX XXXX XXXX XXXX XXXX  According to FCRA XXXXection 605B ( a ) the CREDIT REPORTING AGENCIES shall block any information in the file of a consumer that the consumer identifies as information that resulted from an alleged identity theft, not later than 4 business days after the date of receipt.",2022,11
102,6237092,2022-11-24,"I cling to sending plentiful sets of letters to Transunion so the reason of we didn't get it '' doesn't occur but then its like nothing happened. They keep ignoring my requests and let this fraudulent account distress my credit score. They should be complying with the FCRA guideline section 605b but I think they are unmindful about this matter. Im attaching the required FTC Report for you ( which complies with FCRA Section 603 ( q ) ( 4 ) which states ( 4 ) The term "" identity theft report '' has the meaning given that term by rule of the Bureau, and means, at a minimum, a report ( A ) that alleges an identity theft ; ) B ) that is a copy of an official, valid report filed by a consumer with an appropriate Federal, State, or local law enforcement agency, including the United States XXXX XXXX XXXX, or such other government agency deemed appropriate by the Bureau ; and ( C ) the filing of which subjects the person filing the report to criminal penalties relating to the filing of false information if, in fact, the information in the report is false. ) The following report included this language but Transunion is neglecting to process it to the letter of the law. Please see they are held accountable for as this is impacting my life in emotionally, physically & financially... and I would truly not what to pursue a legal remedy... Please DELETE the account ASAP : XXXX XXXX XXXX XXXX",2022,11
103,6224091,2022-11-19,Monterey Financial services pulled my credit without having an SSA 89 from me. they did the same to my wife as well. The SSA 89 is to prevent the misuse of anyone 's social security numbers and is only good for one use and expires after 90 days from date signed and pulling without one on file constitutes as identify theft.,2022,11
104,6163367,2022-11-03,went to a dealership to get a car and dealership ran my credit report with other companies instead of just their company like they told me they were going to do causing me to have all these hard inquiries,2022,11
105,6209569,2022-11-16,I got these inquiries from unknown companies to show up on my credit report.,2022,11
106,6254064,2022-11-29,"In accordance with the fair credit reporting act XXXX  account number XXXX XXXX XXXX {$730.00} reporting amount ( EXPERIAN ), XXXX XXXX {$730.00} reporting amount ( XXXX ) has violated my rights. I do NOT owe such debts. Original creditor ( XXXX XXXX XXXX ) has given verification of {$0.00} debt owed or in collections status. Please remove this debt and incorrect information immediately. 
Statue 15 U.S.C 1681 section 602A states I have the right to privacy.

Statue 15 U.S.C 1681 604A states.. a consumer reporting agency cant furnish a account without written instructions from the consumer.

I am the consumer and I do not give my permission to furnish information on my report at this time.",2022,11
107,6244077,2022-11-28,"In accordance with the fair credit reporting act XXXX XXXX XXXX XXXX XXXX has violated my rights. 
XXXX XXXX XXXX XXXX 15 U.S.C. 1681 section 602 A. States I have the right to privacy.

15 U.S.C 1681 section 604 A Section : It also states a consumer reporting agency can not furnish a account without my written instructions 15. U.S.C 166b a creditor may not treat a payment on a credit card under an open-end consumer credit plan as late for any purpose",2022,11
108,6233597,2022-11-22,"HI I AM SUBMITTING THIS WITHOUT ANY INFLUENCE AND THIS IS NOT A THIRD PARTY. THE CREDIT BUREAUS STATED MY XXXX WAS PROPERLY INVESTIGATED BUT HOW IS THAT POSSIBLE IF THE OPEN DATE IS INACCURATE, THE DATE LAST ACTIVE IS INACCURATE, AND THE DATE LAST REPORTED IS NOT ACCURATE? THIS GROUND FOR REMOVAL THEY ALSO VIOLATED MY RIGHTS UNDER 15 U.S.C 1681 SECTION 602 A. STATES I HAVE THE RIGHT TO PRIVACY 15 U.S.C 1681 SECTION 604 SECTION 2. IT ALSO STATES A CONSUMER REPORTING AGENCY CAN NOT FURNISH AN ACCOUNT WITHOUT MY WRITTEN INSTRUCTIONS PLEASE SEE LETTERS FOR REFERENCE",2022,11
109,6162569,2022-11-03,"I keep sending mail but I am not getting any responses so I decided to file this complaint. My name is XXXX XXXX and I am the one filing this complaint not some company or not any other third party. I declare under penalty of perjury ( under the laws of the United States, if executed outside of the United States ) that the foregoing is true and correct to the best of my knowledge. Further, I certify that I am permitted by FEDERAL and STATE LAW to file this dispute. I also understand that knowing and willful misstatements or omissions of material facts constitutes a FEDERAL CRIMINAL VIOLATION punishable under 18 U.S.C. 1001. Additionally, these misstatements are punishable as perjury under 18 U.S.C. 1621. The items found within my credit report that I listed on the following pages are not related to any transaction that I made. I am alleging that a person or company- without my authorization- used my personal identifying information to apply for goods, services, or money ; and, was successful in creating some accounts. All is being investigated by the FTC.",2022,11
110,6266033,2022-12-01,"I AM A CONSUMER. This account is reporting fraudulently on my credit report. This company never sent me a XXXX cancellation of debt form for this account which is against consumer law. I want this account to be removed immediately as I will send an affidavit to all parties involved if its not removed. This account is causing me stress, damage, Defamation, and anxiety.",2022,12
111,6287245,2022-12-06,"XXXX XXXX  Credit Card closed one of my credit cards that I havent been using in the last XXXX years which affected my credit score. I have over 14 years of credit history, NEVER late on any payments, no NSFs.Maintained perfect XXXX cs for 14 year. Now all of a sudden it drops to fair. Due to the fact that the bank decided to close my Credit card due to an inactivity and my XXXX XXXX dropped by XXXX points due to that. XXXX points because XXXX bank auto-closed my account ( not me ). 
Please help to restore my excellent XXXX XXXX XXXX as this is unfair. Thank you!",2022,12
112,6304143,2022-12-11,"In accordance with the Fair Credit Reporting Act, XXXX XXXX  XXXX Account XXXX XXXX has violated my rights. 
XXXX XXXX XXXX XXXX Account # XXXX has violated my rights. 
XXXX XXXX XXXX  # XXXX has violated my rights. 
Child Support XXXX XXXX Account # XXXX has violated my rights. 
Child Support XXXX XXXX Account # XXXX has violated my rights. 
XXXX XXXX XXXX Account # XXXX has violated my rights. 

15U.S.C 1681 section 602 A. States I have the right to privacy. 15U.C.S 1681 Section 604 A Section 2 : It also states a consumer reporting agency can not furnish an account without my written instructions.",2022,12
113,6296003,2022-12-09,"In accordance with the fair credit Reporting act XXXX Account # XXXX, has violated my rights. 
15 USC 1681 Section 602 States I have the right to privacy.

15 USC 1681 Section 604 A Section 2 : It also states a consumer reporting agency can not furnish a account without my written instructions.

15 USC 1666B : A creditor may not treat a payment on a credit card account under an open end consumer credit plan as late for purpose.",2022,12
114,6311060,2022-12-12,"I am being billed for a debt that is not mine. PAM is attempting to collect a {$6.00} bridge toll from me for a vehicle using false licence plates. The vehicle in question did not have XXXX  licence plates. I previously disputed the validity of the debt, and PAM failed to respond with evidence showing that the vehicle was mine or that the licence plate belonged to me.",2022,12
115,6285821,2022-12-07,"As you are no doubt aware, credit reporting laws ensure that bureaus report only accurate and verifiable credit information. I need that you eliminate this late payment on these accounts because they are reported wrong. You should corroborate your information and remove the negative information on these accounts. under Section 609 ( a ) ( 1 ) ( A ) Disclosures to consumers [ 15 U.S.C. 1681g ] ( ( a ) Information on file ; sources ; report recipients. Experian shall, upon request, and subject to 610 ( a ) ( 1 ) [ 1681h ], clearly and accurately disclose to the consumer. If the consumer to whom the file relates requests that the first 5 digits of the social security number ( or similar identification number ) of the consumer not be included in the disclosure and the consumer reporting agency has received appropriate proof of the identity of the requester, the consumer reporting agency shall so truncate such number in such disclosure. & Section 611 ( a ) ( 1 ) ( A ) Procedure in case of disputed accuracy [ 15 U.S.C. 1681i ] ( a ) Reinvestigations of Disputed Information. If the completeness or accuracy of any item of information contained in my file at Experian is disputed by the consumer and the consumer notifies the agency directly, or indirectly through a creditor, the Bureaus shall, free of charge, conduct a reasonable reinvestigation to determine whether the disputed information is inaccurate and record the current status of the disputed information, or delete the items from my file in accordance with paragraph ( 5 ), before the end of the 30-day period beginning on the date on which the agency receives the notice of the dispute from the consumer or creditor. Please correct or update the accounts below : XXXX XXXX, XXXX UT XXXX, XXXX XXXX XXXX XXXX XXXX",2022,12
116,6295312,2022-12-09,"There is information on my reports which are causing financial harm to me and my family. These accounts are never late & I have sent out dispute to each of the three Credit Bureaus in an attempt to receive update of the following items. 

XXXX XXXX XXXX  Account Number : XXXX XXXX Account Number : XXXX XXXX Account Number : XXXX",2022,12
117,6293577,2022-12-07,"Our mortgage was transferred from XXXX XXXX XXXX to New Rez Finance last month. XXXX XXXX XXXX processed our COVID Forbearance in XXXX and per several conversations and paperwork, the amount ( {$44000.00} ) during the forbearance period would be transferred to the back of the loan. As of XX/XX/XXXX, New Rez took over our mortgage XX/XX/XXXX and XXXX XXXX XXXX did not include the forbearance period amount to the transferred mortgage. Unbeknownst to us, we receive a separate mortgage in the mail by a company called XXXX XXXX service requesting the entire forbearance amount of {$44000.00} dollars without any notification XXXX XXXX XXXX XXXX. Our first mortgage payment to New Rez was submitted on XX/XX/XXXX through bank ACH from XXXX XXXX XXXX XXXX. The payment was processed, cleared and confirmed by XXXX XXXX. Upon logging into my account to make XXXXXXXX XXXX payment, I noticed the XXXX amount was showing not received. I contacted XXXX XXXX and they confirmed there was a tracking number through the treasury, and the payment was received by New Rez on XX/XX/XXXX. XXXX XXXX initiated a dispute for the payment, and I resubmitted another payment to New Rez on XX/XX/XXXX to avoid our credit being impacted. I just logged into the New Rez account and the balance shows we are now owing XXXX and XXXXXXXX XXXX payment. XXXXXXXX XXXX payment was made on the XXXX and withdrawn from our bank account just like the payment made on XX/XX/XXXX. I was purposely waiting for XXXX XXXX  period to process prior to making XXXXXXXX XXXX  payment, but our account shows no credit to the account for the last payment made. I also firmly believe once our mortgage was updated to reflect our XXXX Veteran tax exempt status, XXXX decided to sell our loan; and they were also dishonest in their process regarding the COVID forbearance. I spoke to New Rez on XX/XX/XXXX when I made the payment which was processed over the phone by an agent. I don't know where the payments are going, but I am not comfortable about this entire process with them. I see incompetence from a company who can not even track mortgage payments they are collecting. This is also straining us financially, and not to mention the additional mental anguish. Please investigate these two companies for unfair mortgage practices. Thank you for your time.",2022,12
118,6330253,2022-12-16,"There are multiple hard credit inquiries that recently showed up on my report ( last week ) that I never authorized. 

These unauthorized hard credit inquires include the following XX/XX/XXXX : XXXX XXXX XXXX XXXX XXXX XXXX XXXX XXXX XXXX XXXX XXXX XXXX XXXX XXXX  : XXXX XXXX XXXX XXXX XXXX XXXX These hard inquiries were never authorized by me and are adversely impacting my credit score.

Note that I am attaching a screenshot of all my listed inquiries but I am only disputing these 5.",2022,12
119,6288021,2022-12-06,"Wells Fargo took money from my account by withdrawing {$1900.00} without authorization and took an additional {$1900.00} by refusing to deposit into my account those funds that had been taken out of another account. Here are the details... 

I deposited a {$1900.00} rent check on Friday ( XX/XX/22 ) at the Wells Fargo branch located at XXXX XXXX XXXX XXXX, XXXX, FL XXXX. On Saturday ( XX/XX/22 ) I had noticed that the teller did not deposit the check but actually debited the account {$1900.00}! The deposit ticket had the account number of the tenant as though the check was deposited in their account. The tenant sent me proof that the check was not deposited in their account but in fact their account was debited for the amount of the check. 

On Saturday ( XX/XX/22 ) I went to a different Wells Fargo branch located at XXXX XXXX XXXX, XXXX XXXX, FL XXXX and spoke to a teller. The teller initially told me that I needed to go back to the original branch to resolve this issue, but they later reluctantly agreed to submit a claim. I was told it would take up to two weeks for this to be resolved and a credit given to my account. These are funds that belong to me and should have been returned immediately. 

On Monday ( XX/XX/22 ) I went back to the original Wells Fargo branch XXXX XXXX XXXX and spoke to XXXX XXXX. He again refused to resolve the problem and told me that I would have to wait two weeks. 

Today ( XX/XX/22 ) ( after trying to resolve this with two different Wells Fargo branches ) I sent an email to XXXX XXXX at Wells Fargo. I have not received any response from XXXX XXXX or anyone from Wells Fargo.",2022,12
