query,eu_maternity_passage,uk_maternity_passage,llm_analysis
What is the duration of Maternity Leave,"Duration of Maternity Leave EU law mandates a minimum of 14 weeks of maternity leave. 
Employers must allow at least 2 weeks before childbirth and 4 weeks after. However many EU 
countries provide longer maternity leave periods. For instance some countries offer up to a year or 
more. 
 
2. Maternity Pay EU legislation does not stipulate a minimum requirement for maternity pay but it 
requires that pay during maternity leave should be adequate to ensure the health and wellbeing of 
the mother and her child.","UK Maternity cover policies  
 
1. Duration of Maternity Leave Eligible employees in the UK are entitled to up to 52 weeks of 
maternity leave. This is divided into two parts Ordinary Maternity Leave the first 26 weeks and 
Additional Maternity Leave the remaining 26 weeks. 
 
2. Maternity Pay Eligible employees can receive Statutory Maternity Pay SMP for up to 39 weeks.","

Similarities:

* Both passages discuss maternity leave policies.
* They both mention the duration of maternity leave available to employees.
* Both passages indicate that there are specific regulations or entitlements regarding maternity pay for employees.

Contradictions:

* Passage 1 mentions that EU law mandates a minimum duration of maternity leave, while passage 2 discusses UK-specific policies.
* The duration of maternity leave differs between the two passages: passage 1 mentions a minimum duration without specifying the exact length, while passage 2 specifies up to 52 weeks in the UK, divided into Ordinary Maternity Leave and Additional Maternity Leave.
* Passage 1 does not provide details on maternity pay regulations, stating only that it should be adequate, while passage 2 mentions Statutory Maternity Pay (SMP) available for up to 39 weeks in the UK."
What is the Maternity Pay,"Maternity Pay EU legislation does not stipulate a minimum requirement for maternity pay but it 
requires that pay during maternity leave should be adequate to ensure the health and wellbeing of 
the mother and her child. Many EU countries provide maternity pay often a percentage of the 
employees salary. 
 
3. Job Protection EU directives require that women on maternity leave must be entitled to return to 
the same job or an equivalent position with the same pay and benefits.","Duration of Maternity Leave Eligible employees in the UK are entitled to up to 52 weeks of 
maternity leave. This is divided into two parts Ordinary Maternity Leave the first 26 weeks and 
Additional Maternity Leave the remaining 26 weeks. 
 
2. Maternity Pay Eligible employees can receive Statutory Maternity Pay SMP for up to 39 weeks. 
SMP is paid at 90 of the employees average weekly earnings for the first 6 weeks followed by 
151.97 per week or 90 of average weekly earnings whichever is lower for the remaining 33 
weeks. 
 
3.","

Similarities:

* Both passages discuss maternity leave and pay policies.
* They both mention the importance of ensuring the health and wellbeing of the mother and child.
* Both passages mention job protection for women on maternity leave.

Contradictions:

* Passage 1 discusses EU legislation, while passage 2 discusses UK-specific policies.
* The duration of maternity leave differs between the two passages: passage 1 does not specify a minimum duration, while passage 2 specifies up to 52 weeks in the UK.
* Passage 1 requires adequate maternity pay, while passage 2 specifies a specific amount of Statutory Maternity Pay (SMP) available for up to 39 weeks in the UK."
What is the Parental Leave,"Parental Leave In addition to maternity leave many EU countries also offer parental leave which 
can be taken by either parent to care for a child. This leave is separate from maternity leave and 
allows parents to take time off work to care for their child. 
 
8. NonDiscrimination Employers must not discriminate against employees based on pregnancy or 
maternity leave.","UK Maternity cover policies  
 
1. Duration of Maternity Leave Eligible employees in the UK are entitled to up to 52 weeks of 
maternity leave. This is divided into two parts Ordinary Maternity Leave the first 26 weeks and 
Additional Maternity Leave the remaining 26 weeks. 
 
2.","

Similarities:
Both passages discuss policies regarding parental leave and maternity leave.
Both mention the importance of adequate pay for employees on maternity leave.
Both indicate that employers must not discriminate against employees based on pregnancy or maternity leave.

Contradictions:
Passage 1 discusses parental leave as a separate leave from maternity leave, while passage 2 does not mention parental leave.
The duration of maternity leave mentioned in passage 1 is not specified, while passage 2 specifies up to 52 weeks in the UK.
Passage 1 does not mention additional leave beyond maternity leave, while passage 2 mentions Additional Maternity Leave.
Passage 1 does not provide details on maternity pay regulations, while passage 2 discusses Statutory Maternity Pay (SMP) available for up to 39 weeks in the UK."
